{
    "loss": 31.291000366210938,
    "accuracy": 0.3606557250022888
}